
CREATE TABLE `auth_group` (`id` int NOT NULL PRIMARY KEY AUTO_INCREMENT, `name` varchar(150) NOT NULL UNIQUE);
CREATE TABLE `auth_group_permissions` (`id` int NOT NULL PRIMARY KEY AUTO_INCREMENT, `group_id` integer NOT NULL REFERENCES `auth_group` (`id`) , `permission_id` integer NOT NULL REFERENCES `auth_permission` (`id`) );
CREATE TABLE `auth_permission` (`id` int NOT NULL PRIMARY KEY AUTO_INCREMENT, `content_type_id` integer NOT NULL REFERENCES `django_content_type` (`id`) , `codename` varchar(100) NOT NULL, `name` varchar(255) NOT NULL);
INSERT INTO `auth_permission` VALUES(1,1,'add_logentry','Can add log entry');
INSERT INTO `auth_permission` VALUES(2,1,'change_logentry','Can change log entry');
INSERT INTO `auth_permission` VALUES(3,1,'delete_logentry','Can delete log entry');
INSERT INTO `auth_permission` VALUES(4,1,'view_logentry','Can view log entry');
INSERT INTO `auth_permission` VALUES(5,2,'add_permission','Can add permission');
INSERT INTO `auth_permission` VALUES(6,2,'change_permission','Can change permission');
INSERT INTO `auth_permission` VALUES(7,2,'delete_permission','Can delete permission');
INSERT INTO `auth_permission` VALUES(8,2,'view_permission','Can view permission');
INSERT INTO `auth_permission` VALUES(9,3,'add_group','Can add group');
INSERT INTO `auth_permission` VALUES(10,3,'change_group','Can change group');
INSERT INTO `auth_permission` VALUES(11,3,'delete_group','Can delete group');
INSERT INTO `auth_permission` VALUES(12,3,'view_group','Can view group');
INSERT INTO `auth_permission` VALUES(13,4,'add_user','Can add user');
INSERT INTO `auth_permission` VALUES(14,4,'change_user','Can change user');
INSERT INTO `auth_permission` VALUES(15,4,'delete_user','Can delete user');
INSERT INTO `auth_permission` VALUES(16,4,'view_user','Can view user');
INSERT INTO `auth_permission` VALUES(17,5,'add_contenttype','Can add content type');
INSERT INTO `auth_permission` VALUES(18,5,'change_contenttype','Can change content type');
INSERT INTO `auth_permission` VALUES(19,5,'delete_contenttype','Can delete content type');
INSERT INTO `auth_permission` VALUES(20,5,'view_contenttype','Can view content type');
INSERT INTO `auth_permission` VALUES(21,6,'add_session','Can add session');
INSERT INTO `auth_permission` VALUES(22,6,'change_session','Can change session');
INSERT INTO `auth_permission` VALUES(23,6,'delete_session','Can delete session');
INSERT INTO `auth_permission` VALUES(24,6,'view_session','Can view session');
INSERT INTO `auth_permission` VALUES(25,7,'add_summaries','Can add summaries');
INSERT INTO `auth_permission` VALUES(26,7,'change_summaries','Can change summaries');
INSERT INTO `auth_permission` VALUES(27,7,'delete_summaries','Can delete summaries');
INSERT INTO `auth_permission` VALUES(28,7,'view_summaries','Can view summaries');
INSERT INTO `auth_permission` VALUES(29,8,'add_production_data','Can add production_ data');
INSERT INTO `auth_permission` VALUES(30,8,'change_production_data','Can change production_ data');
INSERT INTO `auth_permission` VALUES(31,8,'delete_production_data','Can delete production_ data');
INSERT INTO `auth_permission` VALUES(32,8,'view_production_data','Can view production_ data');
INSERT INTO `auth_permission` VALUES(33,9,'add_prod_downtime','Can add prod_downtime');
INSERT INTO `auth_permission` VALUES(34,9,'change_prod_downtime','Can change prod_downtime');
INSERT INTO `auth_permission` VALUES(35,9,'delete_prod_downtime','Can delete prod_downtime');
INSERT INTO `auth_permission` VALUES(36,9,'view_prod_downtime','Can view prod_downtime');
INSERT INTO `auth_permission` VALUES(37,10,'add_sections','Can add sections');
INSERT INTO `auth_permission` VALUES(38,10,'change_sections','Can change sections');
INSERT INTO `auth_permission` VALUES(39,10,'delete_sections','Can delete sections');
INSERT INTO `auth_permission` VALUES(40,10,'view_sections','Can view sections');
INSERT INTO `auth_permission` VALUES(41,11,'add_budgets','Can add budgets');
INSERT INTO `auth_permission` VALUES(42,11,'change_budgets','Can change budgets');
INSERT INTO `auth_permission` VALUES(43,11,'delete_budgets','Can delete budgets');
INSERT INTO `auth_permission` VALUES(44,11,'view_budgets','Can view budgets');
INSERT INTO `auth_permission` VALUES(45,12,'add_data','Can add data');
INSERT INTO `auth_permission` VALUES(46,12,'change_data','Can change data');
INSERT INTO `auth_permission` VALUES(47,12,'delete_data','Can delete data');
INSERT INTO `auth_permission` VALUES(48,12,'view_data','Can view data');
INSERT INTO `auth_permission` VALUES(49,13,'add_safetyperformance','Can add safety performance');
INSERT INTO `auth_permission` VALUES(50,13,'change_safetyperformance','Can change safety performance');
INSERT INTO `auth_permission` VALUES(51,13,'delete_safetyperformance','Can delete safety performance');
INSERT INTO `auth_permission` VALUES(52,13,'view_safetyperformance','Can view safety performance');
INSERT INTO `auth_permission` VALUES(53,14,'add_plan','Can add plan');
INSERT INTO `auth_permission` VALUES(54,14,'change_plan','Can change plan');
INSERT INTO `auth_permission` VALUES(55,14,'delete_plan','Can delete plan');
INSERT INTO `auth_permission` VALUES(56,14,'view_plan','Can view plan');
INSERT INTO `auth_permission` VALUES(57,15,'add_costs','Can add costs');
INSERT INTO `auth_permission` VALUES(58,15,'change_costs','Can change costs');
INSERT INTO `auth_permission` VALUES(59,15,'delete_costs','Can delete costs');
INSERT INTO `auth_permission` VALUES(60,15,'view_costs','Can view costs');
INSERT INTO `auth_permission` VALUES(61,16,'add_fatalityfreeshifts','Can add fatality free shifts');
INSERT INTO `auth_permission` VALUES(62,16,'change_fatalityfreeshifts','Can change fatality free shifts');
INSERT INTO `auth_permission` VALUES(63,16,'delete_fatalityfreeshifts','Can delete fatality free shifts');
INSERT INTO `auth_permission` VALUES(64,16,'view_fatalityfreeshifts','Can view fatality free shifts');
INSERT INTO `auth_permission` VALUES(65,17,'add_trammings','Can add trammings');
INSERT INTO `auth_permission` VALUES(66,17,'change_trammings','Can change trammings');
INSERT INTO `auth_permission` VALUES(67,17,'delete_trammings','Can delete trammings');
INSERT INTO `auth_permission` VALUES(68,17,'view_trammings','Can view trammings');
INSERT INTO `auth_permission` VALUES(69,18,'add_cost','Can add cost');
INSERT INTO `auth_permission` VALUES(70,18,'change_cost','Can change cost');
INSERT INTO `auth_permission` VALUES(71,18,'delete_cost','Can delete cost');
INSERT INTO `auth_permission` VALUES(72,18,'view_cost','Can view cost');
INSERT INTO `auth_permission` VALUES(73,19,'add_goldprice','Can add gold price');
INSERT INTO `auth_permission` VALUES(74,19,'change_goldprice','Can change gold price');
INSERT INTO `auth_permission` VALUES(75,19,'delete_goldprice','Can delete gold price');
INSERT INTO `auth_permission` VALUES(76,19,'view_goldprice','Can view gold price');
CREATE TABLE `auth_user` (`id` integer NOT NULL PRIMARY KEY AUTO_INCREMENT, `password` varchar(128) NOT NULL, `last_login` datetime NULL, `is_superuser` bool NOT NULL, `username` varchar(150) NOT NULL UNIQUE, `last_name` varchar(150) NOT NULL, `email` varchar(254) NOT NULL, `is_staff` bool NOT NULL, `is_active` bool NOT NULL, `date_joined` datetime NOT NULL, `first_name` varchar(150) NOT NULL);
INSERT INTO `auth_user` VALUES(1,'pbkdf2_sha256$390000$Al43kfOUkDg2H4K6Ozrmy3$UdsEStgsS3DujpTQn8W9FPAwdYOyRwfArB6kc4DIMCw=','2024-05-20 18:25:16.887095',1,'ellispax','','',1,1,'2024-04-24 18:34:05.843831','');
CREATE TABLE `auth_user_groups` (`id` integer NOT NULL PRIMARY KEY AUTO_INCREMENT, `user_id` integer NOT NULL REFERENCES `auth_user` (`id`) , `group_id` integer NOT NULL REFERENCES `auth_group` (`id`) );
CREATE TABLE `auth_user_user_permissions` (`id` integer NOT NULL PRIMARY KEY AUTO_INCREMENT, `user_id` integer NOT NULL REFERENCES `auth_user` (`id`) , `permission_id` integer NOT NULL REFERENCES `auth_permission` (`id`) );
CREATE TABLE `django_admin_log` (`id` integer NOT NULL PRIMARY KEY AUTO_INCREMENT, `object_id` text NULL, `object_repr` varchar(200) NOT NULL, `action_flag` smallint unsigned NOT NULL CHECK (`action_flag` >= 0), `change_message` text NOT NULL, `content_type_id` integer NULL REFERENCES `django_content_type` (`id`) , `user_id` integer NOT NULL REFERENCES `auth_user` (`id`) , `action_time` datetime NOT NULL);
CREATE TABLE `django_content_type` (`id` integer NOT NULL PRIMARY KEY AUTO_INCREMENT, `app_label` varchar(100) NOT NULL, `model` varchar(100) NOT NULL);
INSERT INTO `django_content_type` VALUES(1,'admin','logentry');
INSERT INTO `django_content_type` VALUES(2,'auth','permission');
INSERT INTO `django_content_type` VALUES(3,'auth','group');
INSERT INTO `django_content_type` VALUES(4,'auth','user');
INSERT INTO `django_content_type` VALUES(5,'contenttypes','contenttype');
INSERT INTO `django_content_type` VALUES(6,'sessions','session');
INSERT INTO `django_content_type` VALUES(7,'production','summaries');
INSERT INTO `django_content_type` VALUES(8,'production','production_data');
INSERT INTO `django_content_type` VALUES(9,'production','prod_downtime');
INSERT INTO `django_content_type` VALUES(10,'production','sections');
INSERT INTO `django_content_type` VALUES(11,'production','budgets');
INSERT INTO `django_content_type` VALUES(12,'production','data');
INSERT INTO `django_content_type` VALUES(13,'production','safetyperformance');
INSERT INTO `django_content_type` VALUES(14,'production','plan');
INSERT INTO `django_content_type` VALUES(15,'production','costs');
INSERT INTO `django_content_type` VALUES(16,'production','fatalityfreeshifts');
INSERT INTO `django_content_type` VALUES(17,'production','trammings');
INSERT INTO `django_content_type` VALUES(18,'production','cost');
INSERT INTO `django_content_type` VALUES(19,'production','goldprice');
CREATE TABLE `django_migrations` (`id` integer NOT NULL PRIMARY KEY AUTO_INCREMENT, `app` varchar(255) NOT NULL, `name` varchar(255) NOT NULL, `applied` datetime NOT NULL);
INSERT INTO `django_migrations` VALUES(1,'contenttypes','0001_initial','2024-03-28 06:07:18.925338');
INSERT INTO `django_migrations` VALUES(2,'auth','0001_initial','2024-03-28 06:07:18.965315');
INSERT INTO `django_migrations` VALUES(3,'admin','0001_initial','2024-03-28 06:07:19.021312');
INSERT INTO `django_migrations` VALUES(4,'admin','0002_logentry_remove_auto_add','2024-03-28 06:07:19.045313');
INSERT INTO `django_migrations` VALUES(5,'admin','0003_logentry_add_action_flag_choices','2024-03-28 06:07:19.077571');
INSERT INTO `django_migrations` VALUES(6,'contenttypes','0002_remove_content_type_name','2024-03-28 06:07:19.173563');
INSERT INTO `django_migrations` VALUES(7,'auth','0002_alter_permission_name_max_length','2024-03-28 06:07:19.213582');
INSERT INTO `django_migrations` VALUES(8,'auth','0003_alter_user_email_max_length','2024-03-28 06:07:19.253103');
INSERT INTO `django_migrations` VALUES(9,'auth','0004_alter_user_username_opts','2024-03-28 06:07:19.373093');
INSERT INTO `django_migrations` VALUES(10,'auth','0005_alter_user_last_login_null','2024-03-28 06:07:19.429089');
INSERT INTO `django_migrations` VALUES(11,'auth','0006_require_contenttypes_0002','2024-03-28 06:07:19.445085');
INSERT INTO `django_migrations` VALUES(12,'auth','0007_alter_validators_add_error_messages','2024-03-28 06:07:19.469083');
INSERT INTO `django_migrations` VALUES(13,'auth','0008_alter_user_username_max_length','2024-03-28 06:07:19.533078');
INSERT INTO `django_migrations` VALUES(14,'auth','0009_alter_user_last_name_max_length','2024-03-28 06:07:19.613705');
INSERT INTO `django_migrations` VALUES(15,'auth','0010_alter_group_name_max_length','2024-03-28 06:07:19.645705');
INSERT INTO `django_migrations` VALUES(16,'auth','0011_update_proxy_permissions','2024-03-28 06:07:19.693705');
INSERT INTO `django_migrations` VALUES(17,'auth','0012_alter_user_first_name_max_length','2024-03-28 06:07:19.741694');
INSERT INTO `django_migrations` VALUES(18,'production','0001_initial','2024-03-28 06:07:19.749695');
INSERT INTO `django_migrations` VALUES(19,'sessions','0001_initial','2024-03-28 06:07:19.837686');
INSERT INTO `django_migrations` VALUES(20,'production','0002_production_data_sections_prod_downtime','2024-04-02 17:48:44.983071');
INSERT INTO `django_migrations` VALUES(21,'production','0003_budgets_summaries_grade','2024-04-08 18:55:38.928731');
INSERT INTO `django_migrations` VALUES(22,'production','0004_production_data_milled_tonnage_and_more','2024-04-09 12:09:58.673087');
INSERT INTO `django_migrations` VALUES(23,'production','0005_summaries_gold','2024-04-14 15:29:04.085296');
INSERT INTO `django_migrations` VALUES(24,'production','0006_remove_summaries_tonnes_trammed','2024-04-22 06:58:13.637188');
INSERT INTO `django_migrations` VALUES(25,'production','0007_data_safetyperformance','2024-04-23 09:39:25.090243');
INSERT INTO `django_migrations` VALUES(26,'production','0008_plan','2024-04-23 13:35:48.639086');
INSERT INTO `django_migrations` VALUES(27,'production','0009_data_cil_feed_grade_data_reconciled_grade_and_more','2024-04-24 11:42:53.889282');
INSERT INTO `django_migrations` VALUES(28,'production','0010_costs_fatalityfreeshifts_alter_data_date_and_more','2024-04-30 16:39:31.946002');
INSERT INTO `django_migrations` VALUES(29,'production','0011_trammings','2024-04-30 18:31:14.978901');
INSERT INTO `django_migrations` VALUES(30,'production','0012_trammings_date','2024-05-08 12:37:08.522688');
INSERT INTO `django_migrations` VALUES(31,'production','0013_cost','2024-05-08 12:45:27.281739');
INSERT INTO `django_migrations` VALUES(32,'production','0014_cost_gold_price','2024-05-09 10:28:32.699608');
INSERT INTO `django_migrations` VALUES(33,'production','0015_remove_cost_gold_price','2024-05-09 11:16:47.478499');
INSERT INTO `django_migrations` VALUES(34,'production','0016_goldprice','2024-05-09 11:20:13.491115');
INSERT INTO `django_migrations` VALUES(35,'production','0017_alter_data_gold','2024-05-14 11:00:34.037671');
INSERT INTO `django_migrations` VALUES(36,'production','0018_trammings_cymric_bottom_grade_and_more','2024-05-18 17:00:04.439196');
INSERT INTO `django_migrations` VALUES(37,'production','0019_costs_gold_price','2024-05-20 16:32:29.271287');
CREATE TABLE `django_session` (`session_key` varchar(40) NOT NULL PRIMARY KEY, `session_data` text NOT NULL, `expire_date` datetime NOT NULL);
INSERT INTO `django_session` VALUES('5jkt9jtmt9q6xggqeiohma8qp462vu16','.eJxVjMsOwiAQRf-FtSHyGEpduu83kBkGpGogKe3K-O_apAvd3nPOfYmA21rC1tMSZhYXocTpdyOMj1R3wHestyZjq-syk9wVedAup8bpeT3cv4OCvXxrsg6MM4jxzJRQaQ96BI5IPmurvNVuGBlMJorsbCLMaohgFHjDnrJ4fwDt0zhb:1s0hFD:NxUmaDvqj_eWYaUFi-AwjyVy_aeUss1l4V26Hc3YQpk','2024-05-11 12:33:31.290577');
INSERT INTO `django_session` VALUES('bf0izs7cyyuifm45hqy4w6wqmkzpfzkw','.eJxVjMsOwiAQRf-FtSHyGEpduu83kBkGpGogKe3K-O_apAvd3nPOfYmA21rC1tMSZhYXocTpdyOMj1R3wHestyZjq-syk9wVedAup8bpeT3cv4OCvXxrsg6MM4jxzJRQaQ96BI5IPmurvNVuGBlMJorsbCLMaohgFHjDnrJ4fwDt0zhb:1s2VQt:xoRtaZZxhos44LNIxxob8MkfBjrw7zCxEXJ6mWY92KA','2024-05-16 12:21:03.136133');
INSERT INTO `django_session` VALUES('mke4pcc0px359hlz1w5kltcgi6tsmp8m','.eJxVjMsOwiAQRf-FtSHyGEpduu83kBkGpGogKe3K-O_apAvd3nPOfYmA21rC1tMSZhYXocTpdyOMj1R3wHestyZjq-syk9wVedAup8bpeT3cv4OCvXxrsg6MM4jxzJRQaQ96BI5IPmurvNVuGBlMJorsbCLMaohgFHjDnrJ4fwDt0zhb:1s2VbF:rTBB75s0i62YEERGAAkP4ymr6ZnjDOT8Giut6BMWmag','2024-05-16 12:31:45.101394');
INSERT INTO `django_session` VALUES('paclk9oqybdd8449y271ss2xiqedka81','.eJxVjMsOwiAQRf-FtSHyGEpduu83kBkGpGogKe3K-O_apAvd3nPOfYmA21rC1tMSZhYXocTpdyOMj1R3wHestyZjq-syk9wVedAup8bpeT3cv4OCvXxrsg6MM4jxzJRQaQ96BI5IPmurvNVuGBlMJorsbCLMaohgFHjDnrJ4fwDt0zhb:1s3gnJ:dlkdbyey_d4JKgRy260LTraOYqremEihKlzML2vFxBU','2024-05-19 18:41:05.733042');
INSERT INTO `django_session` VALUES('rxsj7kribdela69s18dy57c7soom1kpf','.eJxVjMsOwiAQRf-FtSHyGEpduu83kBkGpGogKe3K-O_apAvd3nPOfYmA21rC1tMSZhYXocTpdyOMj1R3wHestyZjq-syk9wVedAup8bpeT3cv4OCvXxrsg6MM4jxzJRQaQ96BI5IPmurvNVuGBlMJorsbCLMaohgFHjDnrJ4fwDt0zhb:1s3u0r:-jB7dR-werYf3CEIXJrVy4N4HxB1UrJUUsT10VN5-Nw','2024-05-20 08:47:57.795612');
INSERT INTO `django_session` VALUES('91aly0dt2098vyohl8hqg3gky2fyq1r9','.eJxVjMsOwiAQRf-FtSHyGEpduu83kBkGpGogKe3K-O_apAvd3nPOfYmA21rC1tMSZhYXocTpdyOMj1R3wHestyZjq-syk9wVedAup8bpeT3cv4OCvXxrsg6MM4jxzJRQaQ96BI5IPmurvNVuGBlMJorsbCLMaohgFHjDnrJ4fwDt0zhb:1s3wPT:8eHoCvTgyzuGv17zmJzgFwAue2j76gxk1dkPGW_hb2M','2024-05-20 11:21:31.729906');
INSERT INTO `django_session` VALUES('bfhnlp7t4mqczx5482qmr22zjf91u7l2','.eJxVjMsOwiAQRf-FtSHyGEpduu83kBkGpGogKe3K-O_apAvd3nPOfYmA21rC1tMSZhYXocTpdyOMj1R3wHestyZjq-syk9wVedAup8bpeT3cv4OCvXxrsg6MM4jxzJRQaQ96BI5IPmurvNVuGBlMJorsbCLMaohgFHjDnrJ4fwDt0zhb:1s3yXd:v-jHSDlHhRcQkm1YCFNHO8_Qi9PyR65yl_HYkw2NO7U','2024-05-20 13:38:05.557688');
INSERT INTO `django_session` VALUES('redgnm2611wc9hf0bcymwd32te2hkkyy','.eJxVjMsOwiAQRf-FtSHyGEpduu83kBkGpGogKe3K-O_apAvd3nPOfYmA21rC1tMSZhYXocTpdyOMj1R3wHestyZjq-syk9wVedAup8bpeT3cv4OCvXxrsg6MM4jxzJRQaQ96BI5IPmurvNVuGBlMJorsbCLMaohgFHjDnrJ4fwDt0zhb:1s1nYS:n53yzchYM57jgDghlxC-JRJuMS0iC_eUHC_mdB0wXpM','2024-05-14 13:29:56.475108');
INSERT INTO `django_session` VALUES('76ajdzzqj6bwonciu58h2ipd44t9todf','.eJxVjMsOwiAQRf-FtSHyGEpduu83kBkGpGogKe3K-O_apAvd3nPOfYmA21rC1tMSZhYXocTpdyOMj1R3wHestyZjq-syk9wVedAup8bpeT3cv4OCvXxrsg6MM4jxzJRQaQ96BI5IPmurvNVuGBlMJorsbCLMaohgFHjDnrJ4fwDt0zhb:1s4gsr:PGjM7J8KCGDbFq3mtQRcCpDKIMnn8BSSuAVMVj3N8h8','2024-05-22 12:58:57.025680');
INSERT INTO `django_session` VALUES('ei0x1nztq6zadwb9g5wasgrghzb0ugfh','.eJxVjMsOwiAQRf-FtSHyGEpduu83kBkGpGogKe3K-O_apAvd3nPOfYmA21rC1tMSZhYXocTpdyOMj1R3wHestyZjq-syk9wVedAup8bpeT3cv4OCvXxrsg6MM4jxzJRQaQ96BI5IPmurvNVuGBlMJorsbCLMaohgFHjDnrJ4fwDt0zhb:1s4yqJ:DQzz-eKrq2KurgMwaPW2Ix1vcucEZCdZvtPebWaF7qY','2024-05-23 08:09:31.618148');
INSERT INTO `django_session` VALUES('b3ctn82dwl4687zeirjk6c63r9pwkcy4','.eJxVjMsOwiAQRf-FtSHyGEpduu83kBkGpGogKe3K-O_apAvd3nPOfYmA21rC1tMSZhYXocTpdyOMj1R3wHestyZjq-syk9wVedAup8bpeT3cv4OCvXxrsg6MM4jxzJRQaQ96BI5IPmurvNVuGBlMJorsbCLMaohgFHjDnrJ4fwDt0zhb:1s6m1s:85h0Tvg3SRr6l1rsYux7_4ThOcPtCo4qEEjMU5PP-E0','2024-05-28 06:52:52.732344');
INSERT INTO `django_session` VALUES('srq7iqk4covwnto97njzh13btwqj9bgy','.eJxVjMsOwiAQRf-FtSHyGEpduu83kBkGpGogKe3K-O_apAvd3nPOfYmA21rC1tMSZhYXocTpdyOMj1R3wHestyZjq-syk9wVedAup8bpeT3cv4OCvXxrsg6MM4jxzJRQaQ96BI5IPmurvNVuGBlMJorsbCLMaohgFHjDnrJ4fwDt0zhb:1s6nVv:0N5Tx6lQXf7SPEWfHKogEFKddLOdylfRXv9_fEzwKp4','2024-05-28 08:27:59.404629');
INSERT INTO `django_session` VALUES('frwooyksr3q6m3mokeyz1juyxmw6n76v','.eJxVjMsOwiAQRf-FtSHyGEpduu83kBkGpGogKe3K-O_apAvd3nPOfYmA21rC1tMSZhYXocTpdyOMj1R3wHestyZjq-syk9wVedAup8bpeT3cv4OCvXxrsg6MM4jxzJRQaQ96BI5IPmurvNVuGBlMJorsbCLMaohgFHjDnrJ4fwDt0zhb:1s7FYb:v5g8ycYKWWoZDLgkYM-SDLc33LF9f1IHebQODVbi6Xw','2024-05-29 14:24:37.968415');
INSERT INTO `django_session` VALUES('u96a1suz6hnkwcotk6wzo9m40pjtz1k1','.eJxVjMsOwiAQRf-FtSHyGEpduu83kBkGpGogKe3K-O_apAvd3nPOfYmA21rC1tMSZhYXocTpdyOMj1R3wHestyZjq-syk9wVedAup8bpeT3cv4OCvXxrsg6MM4jxzJRQaQ96BI5IPmurvNVuGBlMJorsbCLMaohgFHjDnrJ4fwDt0zhb:1s7JHm:TkZwstyiIqXDJMgf-EZABp2LJ34YvphswK0G9D6tgPA','2024-05-29 18:23:30.624744');
INSERT INTO `django_session` VALUES('mujyccuf71e3dq5ez3v9f2yejk2bbivo','.eJxVjMsOwiAQRf-FtSHyGEpduu83kBkGpGogKe3K-O_apAvd3nPOfYmA21rC1tMSZhYXocTpdyOMj1R3wHestyZjq-syk9wVedAup8bpeT3cv4OCvXxrsg6MM4jxzJRQaQ96BI5IPmurvNVuGBlMJorsbCLMaohgFHjDnrJ4fwDt0zhb:1s7qKU:Z-oyo6xo92SyPvIJR6MPVtqt9Qg8lBgWOhQBuXrvM5g','2024-05-31 05:40:30.927050');
INSERT INTO `django_session` VALUES('wn9w9z7xjdjlwq7p14zdikbp6bokzmy8','.eJxVjMsOwiAQRf-FtSHyGEpduu83kBkGpGogKe3K-O_apAvd3nPOfYmA21rC1tMSZhYXocTpdyOMj1R3wHestyZjq-syk9wVedAup8bpeT3cv4OCvXxrsg6MM4jxzJRQaQ96BI5IPmurvNVuGBlMJorsbCLMaohgFHjDnrJ4fwDt0zhb:1s8POW:vcvFNmzXTB93j1m0vbkE7YCu_RULoa_scMozNcFlJxY','2024-06-01 19:07:00.602735');
INSERT INTO `django_session` VALUES('e3wqcau2os43v750tpf1iyjlnzgyj6cf','.eJxVjMsOwiAQRf-FtSHyGEpduu83kBkGpGogKe3K-O_apAvd3nPOfYmA21rC1tMSZhYXocTpdyOMj1R3wHestyZjq-syk9wVedAup8bpeT3cv4OCvXxrsg6MM4jxzJRQaQ96BI5IPmurvNVuGBlMJorsbCLMaohgFHjDnrJ4fwDt0zhb:1s97hE:M89Bm8yzVQ3ADi7CkIU7SrZsYEaosqMGcZZVAWul1dQ','2024-06-03 18:25:16.913097');
CREATE TABLE `production_budgets` (`id` integer NOT NULL PRIMARY KEY AUTO_INCREMENT, `month` date NOT NULL, `trucked` real NOT NULL, `hoisted` real NOT NULL, `gold` real NOT NULL, `grade` decimal NOT NULL, `drilling` real NOT NULL, `blasting` real NOT NULL);
INSERT INTO `production_budgets` VALUES(0,'2024-01-01',350000.0,250000.0,62.0,2.5,45.0,450000.0);
INSERT INTO `production_budgets` VALUES(3,'2024-02-01',550000.0,350000.0,68.0,4.1,89.0,650000.0);
INSERT INTO `production_budgets` VALUES(4,'2024-03-01',650000.0,400000.0,71.0,4.8,111.0,750000.0);
INSERT INTO `production_budgets` VALUES(5,'2024-04-01',650000.0,450000.0,67.0,3.4,45.0,750000.0);
CREATE TABLE `production_cost` (`id` integer NOT NULL PRIMARY KEY AUTO_INCREMENT, `date` date NOT NULL UNIQUE, `c1` decimal NOT NULL, `c2` decimal NOT NULL, `c3` decimal NOT NULL, `c1_cash_cost` decimal NOT NULL, `c2_cash_cost` decimal NOT NULL, `c3_cash_cost` decimal NOT NULL);
INSERT INTO `production_cost` VALUES(1,'2024-04-01',733011,831783,862157,1455,1651,1711);
INSERT INTO `production_cost` VALUES(2,'2024-04-08',650342,554324,890895,1547,1815,1811);
INSERT INTO `production_cost` VALUES(3,'2024-04-15',862158,733783,831783,211,2431,2139);
INSERT INTO `production_cost` VALUES(4,'2024-04-22',704247,796757,824420,1547,1750,1811);
INSERT INTO `production_cost` VALUES(5,'2024-04-29',717804.25,823223.25,91753.25,2111,2431,2475);
INSERT INTO `production_cost` VALUES(6,'2024-05-01',0,0,0,0,0,0);
INSERT INTO `production_cost` VALUES(7,'2024-05-02',0,0,0,0,0,0);
CREATE TABLE `production_costs` (`id` integer NOT NULL PRIMARY KEY AUTO_INCREMENT, `date` date NOT NULL UNIQUE, `c1` decimal NOT NULL, `c2` decimal NOT NULL, `c3` decimal NOT NULL, `c1_cash_cost` decimal NOT NULL, `c2_cash_cost` decimal NOT NULL, `c3_cash_cost` decimal NOT NULL, `gold_price` decimal NOT NULL);
INSERT INTO `production_costs` VALUES(0,'2024-05-01',1455,1651,1711,1455,1651,1711,2324.49);
INSERT INTO `production_costs` VALUES(1,'2024-05-08',1547,1750,1811,0,0,0,2308.98);
INSERT INTO `production_costs` VALUES(2,'2024-05-15',1815,2090,2139,0,0,0,2355.98);
CREATE TABLE `production_data` (`id` integer NOT NULL PRIMARY KEY AUTO_INCREMENT, `date` date NOT NULL UNIQUE, `ug_tonnes` real NOT NULL, `op_tonnes` real NOT NULL, `milled_tonnes` real NOT NULL, `dev_drilling` real NOT NULL, `ore_gen` real NOT NULL, `grade` decimal NOT NULL, `dowmtime` decimal NULL, `cil_feed_grade` decimal NULL, `reconciled_grade` decimal NULL, `gold` decimal NOT NULL);
INSERT INTO `production_data` VALUES(4,'2024-05-01',896.0,737.0,1880.0,0.0,0.0,2.02,0,1.26,1.26,0);
INSERT INTO `production_data` VALUES(5,'2024-05-02',694.0,741.0,1769.0,0.0,1295.0,0.87,0,1.32,1.77,0);
INSERT INTO `production_data` VALUES(6,'2024-04-01',837.0,861.0,0.0,0.0,1275.0,0.7,0,0,0,0);
INSERT INTO `production_data` VALUES(7,'2024-04-02',1250.0,522.0,0.0,0.0,1048.0,1.24,0,0,0,0);
INSERT INTO `production_data` VALUES(8,'2024-04-03',761.0,837.0,0.0,0.0,1167.0,0.76,0,0,0,0);
INSERT INTO `production_data` VALUES(9,'2024-04-04',598.0,469.0,1856.0,0.0,763.0,1.77,0,0,0,0);
INSERT INTO `production_data` VALUES(10,'2024-04-05',945.0,511.0,1758.0,0.0,1120.0,0.5,0,1.18,1.18,0);
INSERT INTO `production_data` VALUES(11,'2024-04-06',1310.0,447.0,1862.0,0.0,1156.0,3.74,0,1.27,1.85,0);
INSERT INTO `production_data` VALUES(12,'2024-04-07',1035.0,399.0,1846.0,0.0,1206.0,0.67,0,1.3,1.3,8.83);
INSERT INTO `production_data` VALUES(13,'2024-04-08',901.0,354.0,1736.0,0.0,1134.0,0.82,0,1.36,1.36,0);
INSERT INTO `production_data` VALUES(14,'2024-04-09',691.0,451.0,1925.0,0.0,1209.0,0.71,0,1.09,1.63,0);
INSERT INTO `production_data` VALUES(15,'2024-04-10',1193.0,355.0,1350.0,0.0,1232.0,0.57,0,1.26,1.26,0);
INSERT INTO `production_data` VALUES(16,'2024-04-11',1060.0,186.0,1924.0,0.0,1269.0,1.07,0,1.31,1.63,0);
INSERT INTO `production_data` VALUES(17,'2024-04-12',1103.0,0.0,1654.0,0.0,1284.0,1.07,0,1.31,1.63,0);
INSERT INTO `production_data` VALUES(18,'2024-04-13',772.0,612.0,1130.0,0.0,1326.0,1.1,0,1.52,2.33,0);
INSERT INTO `production_data` VALUES(19,'2024-04-14',1152.0,687.0,1991.0,0.0,1260.0,0.81,0,1.13,1.13,15.49);
INSERT INTO `production_data` VALUES(20,'2024-04-15',598.0,429.0,2066.0,0.0,1207.0,0.82,0,1.17,1.17,0);
INSERT INTO `production_data` VALUES(21,'2024-04-16',913.0,953.0,1820.0,0.0,1249.0,0.99,0,1.33,2.11,0);
INSERT INTO `production_data` VALUES(22,'2024-04-17',1392.0,102.0,1607.0,0.0,1232.0,2.79,0,1.31,1.76,0);
INSERT INTO `production_data` VALUES(23,'2024-04-18',896.0,672.0,1896.0,0.0,1002.0,0.72,0,1.31,1.76,0);
INSERT INTO `production_data` VALUES(24,'2024-04-19',684.0,579.0,1759.0,0.0,1391.0,1.08,0,1.2,1.2,0);
INSERT INTO `production_data` VALUES(25,'2024-04-20',1140.0,696.0,1653.0,0.0,1302.0,1.33,0,1.25,1.81,0);
INSERT INTO `production_data` VALUES(26,'2024-04-21',1244.0,636.0,1716.0,0.0,1319.0,2.38,0,1.39,1.39,17.15);
INSERT INTO `production_data` VALUES(27,'2024-04-22',708.0,547.0,178.0,0.0,1130.0,2.27,0,1.33,5.82,0);
INSERT INTO `production_data` VALUES(28,'2024-04-23',551.0,783.0,1990.0,0.0,1106.0,1.19,0,1.77,1.77,0);
INSERT INTO `production_data` VALUES(29,'2024-04-24',866.0,525.0,1771.0,0.0,1001.0,1.19,0,1.5,1.8,0);
INSERT INTO `production_data` VALUES(30,'2024-04-25',1278.0,350.0,1589.0,0.0,1318.0,1.29,0,1.31,1.31,0);
INSERT INTO `production_data` VALUES(31,'2024-04-26',1108.0,787.0,1849.0,0.0,1376.0,2.69,0,1.27,1.56,0);
INSERT INTO `production_data` VALUES(32,'2024-04-27',1045.0,519.0,1925.0,0.0,1207.0,1.79,0,1.32,1.32,0);
INSERT INTO `production_data` VALUES(33,'2024-04-28',1142.0,761.0,1853.0,0.0,1218.0,2.56,0,1.57,2.1,17.45);
INSERT INTO `production_data` VALUES(34,'2024-04-29',662.0,724.0,1917.0,0.0,1163.0,1.41,0,1.34,1.34,0);
INSERT INTO `production_data` VALUES(35,'2024-04-30',527.0,1053.0,1651.0,0.0,1249.0,1.09,0,1.47,2.05,4.351);
INSERT INTO `production_data` VALUES(36,'2024-05-03',846.0,706.0,321.0,0.0,1388.0,1,0,1.66,1.66,0);
INSERT INTO `production_data` VALUES(37,'2024-05-04',1671.0,0.0,1674.0,0.0,1333.0,2.79,0,1.6,1.92,0);
INSERT INTO `production_data` VALUES(38,'2024-05-05',761.0,792.0,1446.0,0.0,1267.0,1.81,0,1.53,1.53,10.881);
INSERT INTO `production_data` VALUES(39,'2024-05-06',891.0,367.0,1833.0,0.0,1301.0,1.29,0,1.61,2.24,0);
INSERT INTO `production_data` VALUES(40,'2024-05-07',717.0,424.0,1920.0,0.0,1298.0,0.98,0,1.39,1.39,0);
INSERT INTO `production_data` VALUES(41,'2024-05-08',1002.0,398.0,1811.0,0.0,1168.0,0.98,0,1.5,1.99,0);
INSERT INTO `production_data` VALUES(42,'2024-05-09',1002.0,398.0,1559.0,0.0,1230.0,1.43,0,1.29,1.29,11.707);
INSERT INTO `production_data` VALUES(43,'2024-05-10',964.0,256.0,1125.0,0.0,1265.0,0.7,0,1.53,2.2,0);
INSERT INTO `production_data` VALUES(44,'2024-05-11',1410.0,935.0,160.0,0.0,1087.0,0.92,0,1.64,1.64,0);
INSERT INTO `production_data` VALUES(45,'2024-05-12',1112.0,1079.0,0.0,0.0,1222.0,1.46,0,0,0,0);
INSERT INTO `production_data` VALUES(46,'2024-05-13',1174.0,745.0,0.0,0.0,1152.0,1.29,0,0,0,0);
INSERT INTO `production_data` VALUES(47,'2024-05-14',994.0,876.0,0.0,0.0,1127.0,2.06,0,0,0,0);
INSERT INTO `production_data` VALUES(48,'2024-03-30',1112.0,1079.0,0.0,0.0,1222.0,1.46,0,0,0,0);
INSERT INTO `production_data` VALUES(49,'2024-02-01',842.0,0.0,0.0,0.0,1007.0,0.69,0,0,0,0);
INSERT INTO `production_data` VALUES(50,'2024-02-02',994.0,299.0,293.0,0.0,1247.0,1.54,0,1.25,1.25,0);
INSERT INTO `production_data` VALUES(51,'2024-02-03',1167.0,0.0,1425.0,0.0,1189.0,1.71,0,1.22,1.22,0);
INSERT INTO `production_data` VALUES(52,'2024-02-04',873.0,0.0,1473.0,0.0,1193.0,3.36,0,1.33,2.08,0);
INSERT INTO `production_data` VALUES(53,'2024-02-05',781.0,0.0,1423.0,0.0,969.0,3.41,0,1.31,1.31,0);
INSERT INTO `production_data` VALUES(54,'2024-02-06',799.0,297.0,1489.0,0.0,1144.0,1.43,0,1.29,2.44,0);
INSERT INTO `production_data` VALUES(55,'2024-02-07',816.0,286.0,1588.0,0.0,1136.0,0.95,0,1.16,1.16,0);
INSERT INTO `production_data` VALUES(56,'2024-02-08',959.0,430.0,1679.0,0.0,1154.0,1.22,0,1.37,2.12,0);
INSERT INTO `production_data` VALUES(57,'2024-02-09',682.0,383.0,1756.0,0.0,1052.0,1.53,0,1.48,1.48,0);
INSERT INTO `production_data` VALUES(58,'2024-02-10',683.0,582.0,1835.0,0.0,1149.0,1.62,0,1.12,1.78,0);
INSERT INTO `production_data` VALUES(59,'2024-05-15',870.0,999.0,0.0,0.0,1174.0,0.98,0,0,0,0);
INSERT INTO `production_data` VALUES(60,'2024-05-16',709.0,1087.0,1440.0,0.0,1270.0,1.28,0,1.19,1.19,0);
INSERT INTO `production_data` VALUES(61,'2024-05-17',694.0,1066.0,1397.0,0.0,1247.0,1.18,0,1.26,1.26,0);
INSERT INTO `production_data` VALUES(62,'2024-05-18',1327.0,444.0,1539.0,0.0,1217.0,1.45,0,1.26,1.5,0);
INSERT INTO `production_data` VALUES(63,'2024-02-11',763.0,424.0,1842.0,0.0,1239.0,1.39,0,1.11,1.11,0);
INSERT INTO `production_data` VALUES(64,'2024-02-12',1262.0,332.0,1505.0,0.0,1178.0,1.14,0,1.05,1.05,0);
INSERT INTO `production_data` VALUES(65,'2024-02-13',1304.0,0.0,1725.0,0.0,1148.0,1.86,0,1.39,2.53,0);
INSERT INTO `production_data` VALUES(66,'2024-02-14',918.0,277.0,1615.0,0.0,1058.0,1.27,0,1.11,1.11,0);
INSERT INTO `production_data` VALUES(67,'2024-02-15',881.0,615.0,1683.0,0.0,1135.0,0.86,0,1.3,2.14,0);
INSERT INTO `production_data` VALUES(68,'2024-02-16',1298.0,0.0,1641.0,0.0,1268.0,1.71,0,1.33,1.33,0);
INSERT INTO `production_data` VALUES(69,'2024-02-17',343.0,1048.0,1667.0,0.0,1211.0,1,0,1.3,1.77,0);
INSERT INTO `production_data` VALUES(70,'2024-02-18',111.0,970.0,768.0,0.0,1111.0,0.38,0,0.79,1.76,0);
CREATE TABLE `production_fatalityfreeshifts` (`id` integer NOT NULL PRIMARY KEY AUTO_INCREMENT, `date` date NOT NULL UNIQUE, `shifts` integer NOT NULL);
CREATE TABLE `production_goldprice` (`id` integer NOT NULL PRIMARY KEY AUTO_INCREMENT, `date` date NOT NULL UNIQUE, `price` decimal NOT NULL);
INSERT INTO `production_goldprice` VALUES(1,'2024-05-01',2302.35);
INSERT INTO `production_goldprice` VALUES(2,'2024-05-02',2288.85);
INSERT INTO `production_goldprice` VALUES(3,'2024-05-03',2294.45);
INSERT INTO `production_goldprice` VALUES(4,'2024-05-07',2319.6);
INSERT INTO `production_goldprice` VALUES(5,'2024-05-08',2309.05);
CREATE TABLE `production_plan` (`id` integer NOT NULL PRIMARY KEY AUTO_INCREMENT, `rom` real NOT NULL, `milled_tonnes` real NOT NULL, `gold` real NOT NULL, `grade` decimal NOT NULL, `dev_drilling` real NOT NULL, `ore_gen` real NOT NULL, `date` date NOT NULL UNIQUE);
INSERT INTO `production_plan` VALUES(0,250000.0,225000.0,67.0,3.4,150.0,330000.0,'2024-01-01');
INSERT INTO `production_plan` VALUES(1,55000.0,50000.0,61.0,1.7,300.0,55000.0,'2024-04-01');
INSERT INTO `production_plan` VALUES(3,50000.0,44000.0,61.87,1.71,356.0,50000.0,'2024-05-01');
CREATE TABLE `production_prod_downtime` (`id` integer NOT NULL PRIMARY KEY AUTO_INCREMENT, `date` date NOT NULL, `downtime` decimal NOT NULL, `reason` text NOT NULL, `section_id` bigint NOT NULL REFERENCES `production_sections` (`id`) );
CREATE TABLE `production_production_data` (`id` integer NOT NULL PRIMARY KEY AUTO_INCREMENT, `open_pit_tonnage` real NOT NULL, `cymric_tonnage` real NOT NULL, `cymric_day` real NOT NULL, `cymric_night` real NOT NULL, `bottom_section_total` real NOT NULL, `milled_tonnage` real NOT NULL, `trucked_tonnage` real NOT NULL, `date` date NOT NULL UNIQUE);
INSERT INTO `production_production_data` VALUES(1,520.0,651.0,513.0,878.0,768.0,1050.0,1171.0,'2024-02-24');
INSERT INTO `production_production_data` VALUES(2,672.0,756.0,450.0,306.0,756.0,1350.0,1428.0,'2024-02-25');
INSERT INTO `production_production_data` VALUES(3,456.0,500.0,500.0,245.0,255.0,0.0,0.0,'2024-02-26');
INSERT INTO `production_production_data` VALUES(4,478.0,640.0,440.0,200.0,640.0,0.0,0.0,'2024-02-27');
CREATE TABLE `production_safetyperformance` (`id` integer NOT NULL PRIMARY KEY AUTO_INCREMENT, `fatality` integer NOT NULL, `lti` integer NOT NULL, `nlti` integer NOT NULL, `date` date NOT NULL UNIQUE);
INSERT INTO `production_safetyperformance` VALUES(0,0,0,0,'2024-04-03');
INSERT INTO `production_safetyperformance` VALUES(1,0,0,0,'2024-04-04');
INSERT INTO `production_safetyperformance` VALUES(2,0,0,0,'2024-04-24');
INSERT INTO `production_safetyperformance` VALUES(3,0,0,1,'2024-04-01');
INSERT INTO `production_safetyperformance` VALUES(4,0,0,1,'2024-04-02');
CREATE TABLE `production_sections` (`id` integer NOT NULL PRIMARY KEY AUTO_INCREMENT, `section` varchar(100) NOT NULL, `description` text NOT NULL);
INSERT INTO `production_sections` VALUES(0,'Cymric Hoisting','Shamva Cymric Ore Shaft');
INSERT INTO `production_sections` VALUES(1,'9E4 Hoisting','Level 9 ore hoist');
INSERT INTO `production_sections` VALUES(2,'','');
CREATE TABLE `production_summaries` (`id` integer NOT NULL PRIMARY KEY AUTO_INCREMENT, `date` date NOT NULL, `tonnes_trucked` real NOT NULL, `tonnes_hoisted` real NOT NULL, `meters_drilled` decimal NOT NULL, `tonnes_blasted` real NOT NULL, `downtime` decimal NOT NULL, `grade` decimal NOT NULL, `gold` decimal NOT NULL);
INSERT INTO `production_summaries` VALUES(0,'2024-01-01',23400.0,1234.0,23,5433.0,2,2.1,2.2);
INSERT INTO `production_summaries` VALUES(1,'2024-01-02',23566.0,13456.0,54,34567.0,7,2.1,2.2);
INSERT INTO `production_summaries` VALUES(7,'2024-01-01',22345.0,15789.0,13,24500.0,1,1.6,84);
INSERT INTO `production_summaries` VALUES(8,'2024-02-09',22345.0,15789.0,13,24500.0,1,1.6,84);
INSERT INTO `production_summaries` VALUES(9,'2024-03-01',22345.0,15789.0,13,24500.0,1,1.6,84);
INSERT INTO `production_summaries` VALUES(10,'2024-03-02',22345.0,15789.0,22,24500.0,1,2,95);
INSERT INTO `production_summaries` VALUES(12,'2024-04-01',21350.0,20000.0,13,24500.0,1,1.6,84);
INSERT INTO `production_summaries` VALUES(13,'2024-04-02',22350.0,20000.0,12,24500.0,0.8,1.8,75);
CREATE TABLE `production_trammings` (`id` integer NOT NULL PRIMARY KEY AUTO_INCREMENT, `western_top` real NOT NULL, `cymric_top` real NOT NULL, `cymric_bottom` real NOT NULL, `l_13` real NOT NULL, `l_15` real NOT NULL, `far_east` real NOT NULL, `date` date NOT NULL UNIQUE, `cymric_bottom_grade` decimal NOT NULL, `cymric_top_grade` decimal NOT NULL, `far_east_grade` decimal NOT NULL, `l_13_grade` decimal NOT NULL, `l_15_grade` decimal NOT NULL, `western_top_grade` decimal NOT NULL);
INSERT INTO `production_trammings` VALUES(1,216.0,160.0,50.0,285.0,294.0,300.0,'2024-05-06',2.36,5.62,2.44,2.77,6.78,4.69);
INSERT INTO `production_trammings` VALUES(2,216.0,170.0,85.0,284.0,294.0,249.0,'2024-05-07',5.97,3.74,3.43,1.6,5.87,1.64);
INSERT INTO `production_trammings` VALUES(3,204.0,174.0,106.0,169.0,341.0,301.0,'2024-05-02',3.31,1.72,1.36,1.71,2.95,2.36);
INSERT INTO `production_trammings` VALUES(4,216.0,170.0,120.0,245.0,331.0,306.0,'2024-05-03',3.77,3.5,1.05,3.82,4.23,3.71);
INSERT INTO `production_trammings` VALUES(5,216.0,170.0,60.0,244.0,337.0,306.0,'2024-05-04',6.05,1.74,1.63,1.81,1.96,2.01);
INSERT INTO `production_trammings` VALUES(6,216.0,172.0,0.0,231.0,336.0,312.0,'2024-05-05',0,1.84,0.9,1.1,3.83,1.59);
INSERT INTO `production_trammings` VALUES(7,216.0,146.0,102.0,199.0,305.0,200.0,'2024-05-08',2.7,2.05,4.92,4.89,5.59,3.28);
INSERT INTO `production_trammings` VALUES(8,216.0,170.0,120.0,231.0,296.0,197.0,'2024-05-09',3.38,3.97,3.89,3.89,4.19,4.42);
INSERT INTO `production_trammings` VALUES(9,216.0,182.0,105.0,247.0,316.0,199.0,'2024-05-10',5.46,4.76,3.46,4.96,3.29,2.65);
INSERT INTO `production_trammings` VALUES(10,216.0,170.0,0.0,189.0,316.0,196.0,'2024-05-11',0,1.04,3.33,3.51,5.94,2.59);
INSERT INTO `production_trammings` VALUES(11,216.0,216.0,0.0,277.0,316.0,197.0,'2024-05-12',0,2.94,5.17,4,4.83,1.62);
INSERT INTO `production_trammings` VALUES(12,216.0,180.0,0.0,230.0,327.0,199.0,'2024-05-13',0,1.48,4.73,1.53,3.46,1.38);
INSERT INTO `production_trammings` VALUES(13,156.0,154.0,80.0,212.0,324.0,201.0,'2024-05-14',5.65,1.68,5.58,3.07,2.68,2.35);
CREATE UNIQUE INDEX `auth_group_permissions_group_id_permission_id_0cd325b0_uniq` ON `auth_group_permissions` (`group_id`, `permission_id`);
CREATE INDEX `auth_group_permissions_group_id_b120cbf9` ON `auth_group_permissions` (`group_id`);
CREATE INDEX `auth_group_permissions_permission_id_84c5c92e` ON `auth_group_permissions` (`permission_id`);
CREATE UNIQUE INDEX `auth_user_groups_user_id_group_id_94350c0c_uniq` ON `auth_user_groups` (`user_id`, `group_id`);
CREATE INDEX `auth_user_groups_user_id_6a12ed8b` ON `auth_user_groups` (`user_id`);
CREATE INDEX `auth_user_groups_group_id_97559544` ON `auth_user_groups` (`group_id`);
CREATE UNIQUE INDEX `auth_user_user_permissions_user_id_permission_id_14a6b632_uniq` ON `auth_user_user_permissions` (`user_id`, `permission_id`);
CREATE INDEX `auth_user_user_permissions_user_id_a95ead1b` ON `auth_user_user_permissions` (`user_id`);
CREATE INDEX `auth_user_user_permissions_permission_id_1fbb5f2c` ON `auth_user_user_permissions` (`permission_id`);
CREATE INDEX `django_admin_log_content_type_id_c4bce8eb` ON `django_admin_log` (`content_type_id`);
CREATE INDEX `django_admin_log_user_id_c564eba6` ON `django_admin_log` (`user_id`);
CREATE UNIQUE INDEX `django_content_type_app_label_model_76bd3d3b_uniq` ON `django_content_type` (`app_label`, `model`);
CREATE UNIQUE INDEX `auth_permission_content_type_id_codename_01ab375a_uniq` ON `auth_permission` (`content_type_id`, `codename`);
CREATE INDEX `auth_permission_content_type_id_2f476e4b` ON `auth_permission` (`content_type_id`);
CREATE INDEX `django_session_expire_date_a5c62663` ON `django_session` (`expire_date`);
CREATE INDEX `production_prod_downtime_section_id_a78bcfdc` ON `production_prod_downtime` (`section_id`);
DELETE FROM `sqlite_sequence`;
INSERT INTO `sqlite_sequence` VALUES('django_migrations',37);
INSERT INTO `sqlite_sequence` VALUES('django_admin_log',0);
INSERT INTO `sqlite_sequence` VALUES('django_content_type',19);
INSERT INTO `sqlite_sequence` VALUES('auth_permission',76);
INSERT INTO `sqlite_sequence` VALUES('auth_group',0);
INSERT INTO `sqlite_sequence` VALUES('auth_user',1);
INSERT INTO `sqlite_sequence` VALUES('production_sections',2);
INSERT INTO `sqlite_sequence` VALUES('production_budgets',5);
INSERT INTO `sqlite_sequence` VALUES('production_summaries',13);
INSERT INTO `sqlite_sequence` VALUES('production_plan',3);
INSERT INTO `sqlite_sequence` VALUES('production_production_data',4);
INSERT INTO `sqlite_sequence` VALUES('production_safetyperformance',4);
INSERT INTO `sqlite_sequence` VALUES('production_cost',7);
INSERT INTO `sqlite_sequence` VALUES('production_goldprice',5);
INSERT INTO `sqlite_sequence` VALUES('production_data',70);
INSERT INTO `sqlite_sequence` VALUES('production_trammings',13);
INSERT INTO `sqlite_sequence` VALUES('production_costs',2);

